month_url,title,price,description,image
August 2022,Initial bar,RM 183.30,"Somehow I either calculated wrong, or I'm pepega.
      <ul>
<li>Breakfast - Rm 1.90</li>
<li>Lunch -RM 107.40 </li>
<li>Dinner - RM 74.00</li>
<li>Average cost per day - RM 10.78</li>
</ul>","2022/August/2022, August, image 35.png"
September 2022,+29% vs August 2022,RM 237.70,"Price hike: exists<br/>
              My spendings: pakiu
          <ul>
<li>Breakfast - Rm 7.50 <br/>
                (3.95x higher)</li>
<li>Lunch - RM 129.70 <br/>
                (21% higher)</li>
<li>Dinner - RM 100.50 <br/>
                (36% higher)</li>
<li>Average cost per day - RM 11.32 <br/>
                (5% higher)</li>
</ul>","2022/September/2022, September, image 42.png"
October 2022,11.83x lower vs August 22,RM 15.50,"1 meal a month.<br/>
           Cost per day counted as 1 day instead of 2 because it is literally 3 meals that can be considered within 24 hours.
        <ul>
<li>Breakfast - Rm 1.50 <br/>
                (21% lower)</li>
<li>Lunch - RM 7.50 <br/>
                (14.32x lower)</li>
<li>Dinner - RM 6.50 <br/>
                (11.38x lower)</li>
<li>Average cost per day - RM 15.50 <br/>
                (44% higher)</li>
</ul>","2022/October/2022, October, image 4.png"
November 2022,+9% vs August 2022,RM 199.10,"Almost 200. Wow.<br/>
<ul>
<li>Breakfast - RM 6.00 <br/>
                (3.16x higher)</li>
<li>Lunch - RM 95.30 <br/>
                (12% lower)</li>
<li>Dinner - RM 97.80 <br/>
                (32% higher)</li>
<li>Average cost per day - RM 11.72 <br/>
                (8.7% higher)</li>
</ul>","2022/November/2022, November, image 33.png"
December 2022,26% lower vs August 2022 (Pure food),RM 136.50,"Huh, perfect round number.<br/><br/>

           Update @ 26/7/2026: Checking bank statements, will be updating Etc. Expenses.
        <ul>
<li>Purely food expenses - RM 135.00 </li>
<li>Breakfast - RM 0.00 <br/>
                (infinitely lower)</li>
<li>Lunch - RM 82.50 <br/>
                (23% lower)</li>
<li>Dinner - RM 52.50 <br/>
                (29% lower)</li>
<li>Average cost per day - RM 11.25 <br/>
                (4.4% higher)</li>
<li>Etc. Expenses - RM 1.50</li>
<ul>
<li>(12) Wili Gateron Optical Switch (Red) - 1.50</li> <!-- It seems like Shopee charged me at 13th, but it says 5.00? -->
</ul>
</ul>","2022/December/2022, December, image 22.png"
January 2023,+10.64% vs August 2022,RM 202.80,"Imagine having some days off, and spendings go brr.<br/>
           But having fun is all that matters, right?<br/><br/>

           Update @ 26/7/2026: Checking bank statements, will be updating Etc. Expenses to be more detailed.<br/><br/>

           Fruitizen had a business fund of 50 (26), then a donation of 50 (28), covered back with 50 (29), and a profit sharing of 53 (31).<br/>
           This means I'd gain RM 3.00? Idk anymore.
        <ul>
<li>Purely food expenses - RM 196.90 </li>
<li>Breakfast - RM 2.50 <br/>
                (32% higher)</li>
<li>Lunch - RM 103.40 <br/>
                (3.87% lower)</li>
<li>Dinner - RM 91.00 <br/>
                (23% higher)</li>
<li>Average cost per day - RM 14.49 <br/>
                (26% higher)</li>
<li>Etc. Expenses - RM 5.90 </li>
<ul>
<li>(31) Grab - 2.50</li>
<li>(31) Grab - 3.40</li>
</ul>
<li>Cash Damage - RM 255.80 </li>
</ul>

        New tabs above to show extra information.<br/>
        I have to prayge the ATM works in case of Glaze Eatery incident v2.","2023/January/2023, January, image 31.png"
February 2023,-55.10% vs August 2022,RM 82.30,"Now that's the end of Trimester 2215.<br/>
         Now to prepare myself for Trimester 2220.<br/>
<ul>
<li>Purely food expenses - RM 82.30</li>
<li>Breakfast - RM 0.00<br/>
              (infinitely lower)</li>
<li>Lunch - RM 47.30<br/>
              (~RM 7.88 per meal)</li>
<li>Dinner - RM 35.00<br/>
              (~RM 7.00 per meal)</li>
<li>Average cost per day - RM 13.72<br/>
              (27.28% higher)</li>
<li>Etc. Expenses - RM 0.00</li>
<li>Cash Damage - RM 82.30</li>
</ul>","2023/February/2023, February, image 12.png"
March 2023,-38.35% vs August 2022 (Purely food),RM 315.80,"Update @ 26/7/2026: Checking bank statements, will be updating Etc. Expenses to be more detailed.
      <ul>
<li>Purely food expenses - RM 113.00 </li>
<li>Breakfast - RM 0.00 <br/>
              (Infinitely lower)</li>
<li>Lunch - RM 70.50 <br/>
              (34.36% lower)</li>
<li>Dinner - RM 42.50 <br/>
              (42.57% lower)</li>
<li>Average cost per day - RM 12.56 <br/>
              (14.17% higher)</li>
<li>Etc. Expenses - RM 202.80 </li>
<ul>
<li>(6) Homuhomu - 180.00</li>
<li>(20) Watsons Dpulze - 17.90</li>
<li>(27) Head mannequin (Dark Grey) - 4.90</li> <!-- ShopeePay is mentioned at 29/3 -->
</ul>
</ul>","2023/March/2023, March, image 18.png"
April 2023,-26.27% vs August 2022,RM 135.15,"All hail raya holidays.<br/>
         I feel inflation is coming, don't you think?<br/>
         Or is it lifestyle inflation?
      <ul>
<li>Purely food expenses - RM 135.15 </li>
<li>Breakfast - RM 0.00</li>
<li>Lunch - RM 82.65 <br/>
              (~RM 10.33 per meal)</li>
<li>Dinner - RM 52.50 <br/>
            (~RM 6.56 per meal)</li>
<li>Average cost per day - RM 13.52</li> <!-- was 18.09, and that was when food expenses was 126.65/dinner: 44.00-->
</ul>","2023/April/2023, April, image 18.png"
May 2023,+61.54% vs August 2022 (Purely food),RM 471.10,"JESUS<br/>
         OK granted I did stay more days in MMU, but EATING OUT<br/><br/>

         Batu Khan won't be proud of this.<br/><br/>

        Update @ 27/7/2026: Checking bank statements, will be updating Etc. Expenses to be more detailed.<br/>
        Mostly removing some unnecessary items, and adding some new ones.
      <ul>
<li>Purely food expenses - RM 296.10 </li>
<li>Breakfast - RM 3.00 <br/>
              (57.89% higher)</li>
<li>Lunch - RM 120.40 <br/>
              (12.1% higher)</li>
<li>Dinner - RM 172.70 <br/>
              (2.33x higher)</li>
<li>Average cost per day - RM 12.87 <br/>
              (19.4% higher)</li>
<li>Etc. Expenses - RM 175.00 </li>
<ul>
<li>(28) Razer Basilisk X HyperSpeed - RM 175.00</li>
</ul>
</ul>","2023/May/2023, May, image 46.png"
June 2023,+26.67% vs August 2022,RM 232.20,"Future me (26/7/2026) is logging deposits for hereonafter regarding mutiara.<br/><br/>
<b>11/06/2023 — RM450.00</b><br/>
<strong>Recipient:</strong> Benon<br/>
<strong>Purpose:</strong> Initial deposit<br/>
<strong>Breakdown:</strong><br/>
          • Booking: RM450 (1800, for 1st month rental)<br/><br/>
<b>27/06/2023 — RM1,225.00</b><br/>
<strong>Recipient:</strong> Benon<br/>
<strong>Purpose:</strong> Remaining deposit<br/>
<strong>Breakdown:</strong><br/>
          • Security deposit: RM900 (3600)<br/>
          • Utilities deposit: RM225 (900)<br/>
          • Tenancy Agreement Charges: RM400 (100, non-refundable)<br/><br/>
<b>27/06/2023 — RM160.00</b><br/>
<strong>Recipient:</strong> Benon<br/>
<strong>Purpose:</strong> Key card deposit<br/>
<strong>Breakdown:</strong><br/>
          • Key card deposit: RM160 (for 4 pax)<br/><br/>
<b>31/10/2023 — RM40.00</b><br/>
<strong>Recipient:</strong> Mutiara Management<br/>
<strong>Purpose:</strong> Parking card payment<br/>
<strong>Breakdown:</strong><br/>
          • Parking card: RM40 (Seems refundable, as included in below 200)<br/><br/>
<b>02/07/2024 — RM167.50</b><br/>
<strong>Sent via:</strong> Deposit<br/>
<strong>Purpose:</strong> Refurbishment<br/>
<strong>Breakdown:</strong><br/>
          • Chemical Air Cond Service + Gas Refill: RM130 (520 total)<br/>
          • Whole Unit Standard Cleaning: RM37.50 (200 total, but agent covered 50)<br/><br/>
<b>07/07/2024 — RM200.00</b><br/>
<strong>Sender:</strong> Agent<br/>
<strong>Purpose:</strong> Key card refunds<br/>
<strong>Breakdown:</strong><br/>
          • Refund received: RM200<br/><br/>
<b>13/07/2024 — RM929.12</b><br/>
<strong>Sender:</strong> Benon<br/>
<strong>Purpose:</strong> Final refund<br/>
<strong>Breakdown:</strong><br/>
          • Refund received: RM929.12<br/><br/>
<strong>Total Paid:</strong> RM1,875.00<br/><br/>
<strong>Total Refunded:</strong> RM1,129.12 (Benon received 3716.46 only, so divide 4)
          <!-- 28.38 difference could be from elec + water bills of final month? -->
<ul>
<li>Purely food expenses - RM 207.20 </li>
<li>Breakfast - RM 0.00 <br/></li>
<li>Lunch - RM 111.20 <br/> <!-- 110.40 if kosh decides to take my money -->
              (~RM 6.95 per meal)</li> <!-- 27/7/2026: confused, as my py is counting another way. It's 111.20? Was 90.50 -->
<li>Dinner - RM 96.00 <br/>
              (~RM 7.38 per meal)</li>
<li>Average cost per day - RM 12.19</li> <!-- wait how tf unless its cuz of the outings. Removed % as well. -->
<li>Etc. Expenses - RM 25.00 </li>
<ul>
<li>(4) Entrance to PWTC - 10.00</li>
<li>(4) Mineral Water - 1.00</li>
<li>(24) MRT Day Pass - 5.00</li>
<li>(24) Grab - 9.00</li>
</ul>
</ul>","2023/June/2023, June, image 39.png"
July 2023,-72.64% vs August 2022,RM 50.15,"<ul>
<li>Purely food expenses - RM 50.15 </li>
<li>Breakfast - RM 2.50 <br/>
              (% higher)</li>
<li>Lunch - RM 25.75 <br/>
              (% lower)</li>
<li>Dinner - RM 21.90 <br/>
              (% higher)</li>
<li>Average cost per day - RM 16.71 <br/>
              (% higher)</li>
<li>Cash Damage - RM 18.30 </li>
</ul>","2023/July/2023, July, image 6.png"
August 2023,New Baseline,RM 790.69,"I shall be making a new category type thing to text.<br/>
         Hehe 69 sen.<br/><br/>

         Update @ 26/7/2026: Checking bank statements, will be updating Etc. Expenses to be more detailed.<br/>
         Also updated data reasons slightly.
         <br/>
<ul>
<li>Purely food expenses - RM 232.97 </li>
<li>Breakfast - RM 0.00 <br/>
              (N/A)</li>
<li>Lunch - RM 94.50 <br/>
              (~RM 7.27 per meal)</li> <!-- omaigod wysi !! -->
<li>Dinner - RM 138.47 <br/>
              (~RM 10.65 per meal)</li>
<li>Average cost per day - RM 16.64</li> <!-- divided by 14 days -->
<li>Etc. Expenses - RM 55.00 </li> <!-- I forgot when the bottom 2 happened as there are no logs at this point of time. Assume 1st 2 etc are included as food -->
<ul>
<li>(21) Groceries - 36.20</li> <!-- 94.50 for utensils, 50.7 for actual groceries. Divide 4. -->
<li>(22) Groceries - 5.13</li> <!-- Assume this as food price. Wait there's no receipt for this? Or I blind. -->
<li>(?) Airasia - 5.00</li>
<li>(?) NFC Card Reload - 50.00</li>
</ul>
<li>Cash Damage - RM 79.50 </li> <!-- 75.3 = e belia, 78.17 = bank -->
<li>Rental - RM 450.00 </li>
<li>Electric bill(s) - RM 48.47 </li> <!-- wifi 25, electric 23.47 -->
<li>Water bill - RM 4.25 </li>
<li>Petrol - RM 0.00 </li> <!-- for now -->
</ul>","2023/August/2023, August, image 29.gif"
September 2023,No title,RM 818.11,"Electricity bill went zoom.<br/><br/>
         
         Just like mood.<br/><br/>

         Update @ 26/7/2026: Checking bank statements, will be updating Etc. Expenses to be more detailed.
      <ul>
<li>Purely food expenses - RM 212.86 </li>
<li>Breakfast - RM 11.45 <br/>
              (~RM 3 per meal)</li> <!-- man. Technically, biscuit isn't considered as 1 breakfastk, so I only counting telur. -->
<li>Lunch - RM 87.20 <br/> <!-- 41 from (10/9) becomes 12 -->
              (~RM 7.27 per meal)</li>
<li>Dinner - RM 114.21 <br/> 
            (~RM 12.69 per meal)</li>
<li>Average cost per day - RM 16.37</li>
<li>Etc. Expenses - RM 36.20 </li>
<ul>
<li>(8) Wifi Installation - 7.20</li> <!-- 29/4 (7.2) for wifi installation -->
<li>(10) MRT Day Pass - 5.00</li> <!-- 29 from 10 sept -->
<li>(10) Movies - 24.00</li>
</ul>
<li>Rental - RM 450.00 </li>
<li>Electric bill(s) - RM 112.50 </li> <!-- wifi 26, electric 345.85/4 (86.5) -->
<li>Water bill - RM 6.55 </li> <!-- 26.2/4 -->
<li>Petrol - RM 0.00 </li> <!-- 53.88 covered -->
</ul>","2023/September/2023, September, image 28.png"
October 2023,No title,RM 618.65,"Can't forget the day we met,<br/>
          that girl saw me in ecstacy.<br/><br/>

          Emo aside, I shall welcome my Bachelor Degree self.<br/><br/>
          
          Update @ 26/7/2026: Checking bank statements, will be updating Etc. Expenses to be more detailed.
         <br/>
<ul>
<li>Purely food expenses - RM 53.90 </li>
<li>Breakfast - RM 0<br/>
<li>Lunch - RM 23 <br/>
              (~RM 7.67 per meal)</li>
<li>Dinner - RM 30.90 <br/>
            (~RM 10.30 per meal)</li>
<li>Average cost per day - RM 17.97</li>
<li>Etc. Expenses - RM 70.00 </li>
<ul>
<li>(31) Plumbing - 30.00</li> <!-- plumbing 150/5 -->
<li>(31) Parking Card - 40.00</li> <!-- parking card 40 -->
</ul>
<li>Cash Damage - RM 24.50 </li>
<li>Rental - RM 450.00 </li>
<li>Electric bill(s) - RM 36.25 </li> <!-- wifi 26.25, electric 10 -->
<li>Water bill - RM 8.50 </li> <!-- 34/4 -->
<li>Petrol - RM 0.00 </li>
</li></ul>","2023/October/2023, October, image 7.png"
November 2023,No title,RM 620.45,"Spent less than last month, mostly cuz of the arrival of Ryan.<br/>
         And of course the Deepavali break.<br/><br/>

         Update @ 26/7/2026: Checking bank statements, will be updating Etc. Expenses to be more detailed.
      <ul>
<li>Purely food expenses - RM 264.75 </li>
<li>Breakfast - RM 0.00 <br/>
              (~RM 0 per meal)</li>
<li>Lunch - RM 136.10 <br/>
              (~RM 8.51 per meal)</li>
<li>Dinner - RM 128.65 <br/>
              (~RM 9.19 per meal)</li>
<li>Average cost per day - RM 15.58</li>
<li>Etc. Expenses - RM 2.44 </li> <!-- 7,5,24 airasia, 91 klinik (10/11) [ALL CLAIMED BACK], 2.44 @ 3 nov, econsave -->
<ul>
<li>(1) Groceries - 6.25</li> <!-- 31.25 total, then divide 5? -->
<li>(3) Groceries at Econsave - 2.44</li>
</ul>
<li>Cash Damage - RM 113.70</li>
<li>Rental - RM 300.00 </li>
<li>Electric bill(s) - RM 45.40 </li> <!-- wifi 21, electric 24.40 -->
<li>Water bill - RM 7.86</li>
<li>Petrol - RM 55.51 </li> <!-- claimed -->
</ul>","2023/November/2023, November, image 40.png"
December 2023,No title,RM 691.93,"Suprisingly, almost on par with Nov 23, even without the wuting.<br/>
         Probably as I may have overspent on food, especially during the outing days.<br/><br/>

         Update @ 26/7/2026: Checking bank statements, will be updating Etc. Expenses to be more detailed.
      <ul>
<li>Purely food expenses - RM 178.60 </li>
<li>Breakfast - RM 0.00 </li>
<li>Lunch - RM 88.05 <br/>
              (~RM 12.58 per meal)</li>
<li>Dinner - RM 90.55 <br/>
            (~RM 11.32 per meal)</li>
<li>Average cost per day - RM 22.33 </li>
<li>Etc. Expenses - RM 78.92 
            <ul>
<li>(3 &amp; 24) MRT Day Pass x2 - RM 10.00</li>
<li>(11) PTPTN Pin - RM 5.00</li> <!-- Reimbursed as of 27/6/2024 -->
<li>(13) O3C Wuting - RM 63.02</li> <!-- 140.02 for x2, 77.00 per return -->
<li>(23) M10 TWS - RM 4.90</li>
<li>(31) Thean Hou Temple Fortune Telling - RM 1.00</li>
</ul>
</li>
<li>Cash Damage - RM 96.60</li>
<li>Rental - RM 300.00 </li>
<li>Electric bill(s) - RM 72.03 </li> <!-- wifi 21?, electric 51.03 -->
<li>Water bill - RM 9.43 </li>
<li>Petrol - RM 52.95 </li>
</ul>","2023/December/2023, December, image 19.png"
January 2024,+23.64% more vs Dec 2023,RM 871.14,"Suprisingly surpassed the 20 mark.<br/>
         Life is pain.<br/>
         Being in MMU for all these weeks is also pain, savings who?<br/>
         Hopefully I can recoup my losses next month.<br/><br/>

         Update @ 26/7/2026: Checking bank statements, will be updating Etc. Expenses to be more detailed.
      <ul>
<li>Purely food expenses - RM 442.60</li>
<li>Breakfast - RM 10.45<br/>
              (RM 1.50 per meal)</li>
<li>Lunch - RM 197.87 <br/>
              (~RM 8.99 per meal)</li>
<li>Dinner - RM 234.28 <br/>
            (~RM 11.16 per meal)</li>
<li>Average cost per day - RM 20.12</li>
<li>Etc. Expenses - RM 16.00 </li> <!-- apparently 35 shirt was claimed back, and 10 was refunded -->
<ul>
<li>(2) Summon - 10.00</li> <!-- 活该 -->
<li>(3) ""Business"" - 162.30</li> <!-- clsmxing -->
<li>(3) WCB Shirt - 35.00</li>
<li>(27) Pipe - 6.00</li> <!-- 30/5 -->
</ul>
<!-- summon 10, pipe fix 30/5 -->
<li>Cash Damage - RM 181.55</li>
<li>Rental - RM 300.00 </li>
<li>Electric bill(s) - RM 55.49 </li> <!-- wifi 21, electric 34.49 -->
<li>Water bill - RM 9.43</li>
<li>Petrol - RM 47.62 </li>
</ul>","2024/January/2024, January, image 47.png"
February 2024,No title,RM 703.84,"A nice month, with exams over, it is time for the semester break.<br/>
         Surely I deserve to splurge a little on myself right?
      <ul>
<li>Purely food expenses - RM 110.90 </li>
<li>Breakfast - RM 0.00 <br/>
              (~RM 0.00 per meal)</li>
<li>Lunch - RM 51.00 <br/>
              (~RM 8.50 per meal)</li>
<li>Dinner - RM 59.90 <br/>
            (~RM 9.88 per meal)</li> <!-- removed maggi as its an outlier -->
<li>Average cost per day - RM 18.38 </li>
<li>Etc. Expenses - RM 224.35 </li>
<ul>
<li>(29) 🅱️illow x2 - RM 224.35 </li>
</ul>
<li>Cash Damage - RM 81.60 </li>
<li>Rental - RM 300.00 </li>
<li>Electric bill(s) - RM 63.17 </li> <!-- wifi 29.46, electric 33.71 -->
<li>Water bill - RM 5.24</li>
<li>Petrol - RM 0.00 </li>
</ul>","2024/February/2024, February, image 14.png"
March 2024,No title,RM 450.94,"Well, that was awkward.<br/>
         Didn't had a single meal.<br/>
         Oh well, better luck next month.
      <ul>
<li>Purely food expenses - RM 0.00 </li>
<li>Breakfast - RM 0.00</li>
<li>Lunch - RM 0.00</li>
<li>Dinner - RM 0.00</li>
<li>Average cost per day - RM 0.00 </li>
<li>Etc. Expenses - RM 112.18 </li>
<ul>
<li>(3) 🅱️elivery fees - RM 112.18</li>
</ul>
<li>Rental - RM 300.00 </li>
<li>Electric bill(s) - RM 35.16 </li> <!-- wifi 29.46, electric 5.70 -->
<li>Water bill - RM 3.60</li>
<li>Petrol - RM 0.00 </li>
</ul>","2024/March/2024, March, image 1.png"
April 2024,No title,RM 498.46,"That's 1/3 of the year.<br/><br/>

         Soon, midterms will attack.<br/><br/>

         Update @ 26/7/2026: Checking bank statements, will be updating Etc. Expenses to be more detailed.
      <ul>
<li>Purely food expenses - RM 147.67 </li>
<li>Breakfast - RM 0.00 <br/>
              (~RM 0.00 per meal)</li>
<li>Lunch - RM 62.13 <br/>
              (~RM 6.90 per meal)</li>
<li>Dinner - RM 85.54 <br/>
              (~RM 10.44 per meal)</li> <!-- Removed maggi as it's an outlier -->
<li>Average cost per day - RM 16.41</li>
<li>Etc. Expenses - RM 5.00 </li>
<ul>
<li>(15) Frankfurthers &amp; Eggs - 2.04</li> <!-- this is covered for 17th I think, unsure on bank statements.-->
<li>(17) 🅱️ina 🅱️lub Membership - RM 5.00 </li>
<li>(22) Eggs - 2.22</li> <!-- I assume this is shared stuffs, as in, counted towards my instant noodle spendings on 1/5+ -->
</ul>
<li>Rental - RM 300.00 </li>
<li>Electric bill(s) - RM 40.39 </li> <!-- wifi 29.46, electric 10.93 -->
<li>Water bill - RM 5.40 </li>
<li>Petrol - RM 0.00 </li>
</ul>","2024/April/2024, April, image 99.png"
May 2024,No title,RM 755.85,"Update @ 26/7/2026: Checking bank statements, will be updating Etc. Expenses to be more detailed.
      <ul>
<li>Purely food expenses - RM 340.39 </li>
<li>Breakfast - RM 0.00</li>
<li>Lunch - RM 158.10 <br/>
              (~RM 8.32 per meal)</li>
<li>Dinner - RM 182.29 <br/>
            (~RM 10.57 per meal)</li> <!-- 10.13 with 2.66 counted -->
<li>Average cost per day - RM 18.76</li> <!-- 18.40 with 2.66 counted -->
<li>Etc. Expenses - RM 0.00 </li>
<ul>
<li>(2) MUET BSN - 151.00</li> <!-- Reimbursed as of 27/6/2024 -->
<li>(10) Lotus's Groceries - 13.71</li> <!-- is dinner -->
</ul>
<li>Cash Damage - RM 181.00</li>
<li>Rental - RM 300.00 </li>
<li>Electric bill(s) - RM 107.08 </li> <!-- wifi 29.46, electric 77.62 -->
<li>Water bill - RM 8.38</li>
<li>Petrol - RM 0.00 </li>
</ul>","2024/May/2024, May, image 99.png"
June 2024,No title,RM 724.54,"Update @ 24/7/2026:<br/>
         For future reference should I need any, here's the breakdown of my Lakefront rental deposit + refund.<br/><br/>
<b>08/06/2024 — RM1,162.50</b><br/>
<strong>Recipient:</strong> Cheese<br/>
<strong>Purpose:</strong> Initial move-in payment<br/>
<strong>Breakdown:</strong><br/>
        • Security deposit: RM800 (3200. Thereafter used for the final 2 months rental.)<br/>
        • Utilities deposit: RM200 (800)<br/>
        • Agent fee: RM125 (500, explained via Cheese @ 24/7/2026, Whatsapp)<br/>
        • Initial access card: RM37.50 (150, written in contract as 450 for 3)<br/><br/>
<b>08/06/2024 — RM350.00</b><br/>
<strong>Recipient:</strong> Koyori<br/>
<strong>Purpose:</strong> First month rental<br/>
<strong>Breakdown:</strong><br/>
        • First month rent payment<br/><br/>
<b>21/06/2024 — RM75.00</b><br/>
<strong>Recipient:</strong> Cheese<br/>
<strong>Purpose:</strong> Additional access cards<br/>
<strong>Breakdown:</strong><br/>
        • Increase from 1 card to 3 cards<br/>
        • (RM450 - RM150) ÷ 4 people<br/>
        • = RM75/person<br/><br/>
<b>22/06/2024 — RM37.50</b><br/>
<strong>Recipient:</strong> Cheese<br/>
<strong>Purpose:</strong> Additional access card<br/>
<strong>Breakdown:</strong><br/>
        • Increase from 3 cards to 4 cards<br/>
        • RM150 ÷ 4 people<br/>
        • = RM37.50/person<br/><br/>
<strong>Total Paid:</strong> RM1,625.00<br/><br/>
<strong>Total Refunded:</strong> RM312.50 (Utilities + 3 card. The RM37.50 paid for the additional 4th access card was not refunded; unclear whether it was a non-refundable issuance fee or a refundable deposit.)
      <ul>
<li>Purely food expenses - RM 285.16 </li>
<li>Breakfast - RM 0.00</li>
<li>Lunch - RM 136.40 <br/>
              (~RM 8.02 per meal)</li>
<li>Dinner - RM 148.76 <br/>
            (~RM 9.92 per meal)</li> <!-- 9.2975 including inst nood -->
<li>Average cost per day - RM 17.82 </li>
<li>Etc. Expenses - RM  6.92</li>
<ul>
<li>(13) PTPTN Digital Signature - 25.00</li> <!-- Reimbursed as of 27/6/2024 -->
<li>(26) Mr. DIY Stuff - 6.92</li>
<li>(26) Plumbing Stuff - 80.00</li> <!-- 50 deducted from rent, while everyone returned 7.50 respectively. Refer 1/7/2024 for the 7.50. -->
</ul> <!-- (23) ioi parking = 11 -->
<!-- Lakefront depo = 1162.50 + 350 + 75 + 37.50, given back 25 by Cheese (25) -->
<li>Rental - RM 300.00 </li>
<li>Electric bill(s) - RM 83.50 </li> <!-- wifi 29.46, electric 54.04 -->
<li>Water bill - RM 8.38</li> <!-- This is to Mutiara -->
<li>Petrol - RM 48.96 </li>
</ul>","2024/June/2024, June, image 99.png"
July 2024,No title,RM 680.00,"Update @ 26/7/2026: Checking bank statements, will be updating Etc. Expenses to be more detailed.
      <ul>
<li>Purely food expenses - RM 68.97 </li>
<li>Breakfast - RM 0.00</li>
<li>Lunch - RM 39.27 <br/>
              (~RM 9.82 per meal)</li>
<li>Dinner - RM 29.70 <br/>
            (~RM 9.90 per meal)</li>
<li>Average cost per day - RM 19.71</li>
<li>Etc. Expenses - RM 117.88</li>
<ul>
<li>(1) Toll x2 - RM 7.00 </li> <!-- cat laugh sfx -->
<li>(1) Plumber - RM 7.50 </li> <!-- 30/4. Cheese overpaid by +22.5, hence refund was given -->
<li>(17) WiFi Relocation - RM 103.38 </li>
</ul>
<li>Rental - RM 350.00 </li>
<li>Electric bill(s) - RM 34.46 </li> <!-- wifi 29.46, electric 5.00 (actual is 39 but Cheese footed half?) -->
<li>Water bill - RM 18.88</li>
<ul>(7) Lakefront 1 - RM 5.88</ul>
<ul>(25) Lakefront 2 - RM 13.00</ul> <!-- 12 for semiannual, 1 for monthly -->
<li>Petrol - RM 89.81 </li>
<ul>
<li>(2) - 47.85</li>
<li>(23) - 41.96</li>
</ul>
</ul>","2024/July/2024, July, image 99.png"
August 2024,No title,RM 646.15,"Oh yeah I'm changing to utilities tab instead of the 2, since I'm technically only paying to 1 person now in 1 go.<br/>
         Cash damage tab is also removed.<br/><br/>

         Update @ 26/7/2026: Checking bank statements, will be updating Etc. Expenses to be more detailed.
      <ul>
<li>Purely food expenses - RM 190.71 </li>
<li>Breakfast - RM 0.00</li>
<li>Lunch - RM 96.00 <br/>
              (~RM 8.73 per meal)</li> <!-- 7.38 if counting 2x instant noodles -->
<li>Dinner - RM 94.71 <br/>
            (~RM 7.89 per meal)</li>
<li>Average cost per day - RM 16.58</li> <!-- 15.26 if counting 2x instant noodles -->
<li>Etc. Expenses - RM 0.00 </li>
<ul>
<li>(22) Lotuss Groceries - 13.82</li> <!-- included as meals -->
</ul>
<li>Rental - RM 350.00 </li> <!-- in reality 294.11, as i somehow had paid a washing machine plumbing? Which was 80, I footed 50, and 30 was splitted amongst us -->
<li>Utilities - RM 57.44 </li> <!-- elec 56.85, water 6.5, wifi 166.36  -->
<li>Petrol - RM 48.00 </li>
</ul>","2024/August/2024, August, image 99.png"
September 2024,No title,RM 695.53,"The month ends, but my responsibilities not.<br/><br/>

         Update @ 26/7/2026: Checking bank statements, will be updating Etc. Expenses to be more detailed.
      <ul>
<li>Purely food expenses - RM 206.24 </li>
<li>Breakfast - RM 0.00 </li>
<li>Lunch - RM 133.40 <br/>
              (~RM 8.89 per meal)</li>
<li>Dinner - RM 72.84 <br/>
            (~RM 5.60 per meal)</li> <!-- 4.86 -->
<li>Average cost per day - RM 14.73 </li> <!-- 13.75 -->
<li>Etc. Expenses - RM 1,972.62</li>
<ul>
<li>(7) Groceries - 27.83</li> <!-- included as meals -->
<li>(14) Earpads - 51.94</li> <!-- sold as a loss for 25 @ , let's count as 51.94 anyways-->
<li>(14) Parking - 10.00</li>
<li>(14) Honor 200 12/256 - 1799.00</li> <!-- 1 off purchase so cant count this amirit -->
<li>(16) Shipping Fee - 10.68</li> <!-- oh wait this is part of earpad- AUGHHHHH -->
<li>(26) Trading Milk - 101.00</li>
</ul>
<li>Rental - RM 350.00 </li>
<li>Utilities - RM 66.67 </li> <!-- elec 107.00, water 12.35, wifi 147.34  -->
<li>Petrol - RM 0.00 </li> <!-- was 20.04, but fully covered! -->
</ul>",2024/September/Chino.png
October 2024,No title,RM 392.32,"I spent the entire month gaming.<br/>
         More like gaming for slight chump change, then coding at the side.<br/>
         Ah well, prayge next month to be light on my wallet.
      <ul>
<li>Purely food expenses - RM 0.00 </li>
<li>Breakfast - RM 0.00</li>
<li>Lunch - RM 0.00</li>
<li>Dinner - RM 0.00</li>
<li>Average cost per day - RM 0.00</li>
<li>Etc. Expenses - RM 0.00 </li>
<li>Rental - RM 350.00 </li>
<li>Utilities - RM 42.32 </li> <!-- elec 15.45, water 6.5, wifi 147.34  -->
<li>Petrol - RM 0.00 </li>
</ul>",2024/October/Yuno.png
November 2024,No title,RM 654.54,"<ul>
<li>Purely food expenses - RM 255.94 </li>
<li>Breakfast - RM 0.00</li>
<li>Lunch - RM 128.00 <br/>
              (~RM 8.53 per meal)</li>
<li>Dinner - RM 127.94 <br/>
            (~RM 8.00 per meal)</li>
<li>Average cost per day - RM 16.51 </li>
<li>Etc. Expenses - RM 0.00 </li>
<li>Rental - RM 350.00 </li>
<li>Utilities - RM 48.60 </li> <!-- elec 40.55, water 6.5, wifi 147.34  -->
<li>Petrol - RM 0.00 </li>
</ul>",2024/November/Taiga.png
December 2024,"A great month to be alive... Apart from the mishaps.
            And with that, the 2024 season comes to an end.",RM 990.62,"Dec 26:<br/>
         Quite some damage this month, from tyres to battery.<br/>
         Surely nothing will go bad in 2025... right?<br/><br/>

         Afterthoughts, Jan 1:<br/>
         Started the month with what I thought to be an expensive day, only to top it out with a bang at the final day.<br/>
         Tried new things, like being part of the SEAMUN crew, attempted 2 Interviews, &amp; the 1st hangout with my mates.<br/>
         Had my 2nd industrial visit as well, and also gotten to join the IT Society Committee.
      <ul>
<li>Purely food expenses - RM 274.65 </li>
<li>Lunch - RM 123.00 <br/>
              (~RM 8.79 per meal)</li>
<li>Dinner - RM 151.65 <br/>
            (~RM 9.48 per meal)</li>
<li>Average cost per day - RM 18.31 </li>
<li>Etc. Expenses - RM 256.50 </li>
<ul>
<li>(25) Laptop Battery Replacement - RM 250.00</li>
<li>(31) MRT Day Pass - RM 6.00</li>
<li>(31) Toilet - RM 0.50</li>
</ul>
<li>Rental - RM 350.00 </li>
<li>Utilities - RM 57.19 </li> <!-- 17.75 elec , 2.60 water , wifi 147.34 -->
<li>Petrol - RM 52.28 </li>
</ul>",2024/December/Ebisuzawa2.png
January 2025,Breaking bad,RM 742.87,"27 Jan: <br/>...somehow my lunch on average is more expensive now, but my dinner costs went down?<br/><br/>

        Afterthoughts, Feb 1:<br/>
        Peak step record in 24 hours: 25328<br/>
        2 things broke, charger, and somehow some of my keys on the left area. Temporary fix would be using my old mini keyboard, but that itself is also occasionally broken.<br/>
        Truly, blue. Have this cat.

      <ul>
<li>Purely food expenses - RM 267.73 </li>
<li>Breakfast - RM 0.10 <br/>
              (~RM 0.10 per meal)</li>
<li>Lunch - RM 159.60 <br/>
              (~RM 9.39 per meal)</li>
<li>Dinner - RM 108.03<br/>
            (~RM 7.20 per meal)</li>
<li>Average cost per day - RM 16.73</li>
<li>Etc. Expenses - RM 0.00 </li> <!-- kaboom covered, otherwise 230 -->
<li>Rental - RM 350.00 </li>
<li>Utilities - RM 74.56 </li> <!-- 68.50 elec , 10.40 + 72.00 water , wifi 147.34 -->
<li>Petrol - RM 50.58 </li> <!-- 17 -->
</ul>",2025/January/Cat.png
February 2025,A nice number.,RM 555.00,"Afterthoughts, Mar 1:<br/>
         Well more things broke, both physically and my sanity as well thanks to that cursed finals.<br/>
         On the bright side, the end did come, for both the finals, and the trimester.<br/>
         Just hope my grades stay afloat...<br/><br/>

         Update @ 27/7/2026: Checking bank statements, will be updating Etc. Expenses to be more detailed.
      <ul>
<li>Purely food expenses - RM 117.79 </li>
<li>Breakfast - RM 0.00 </li>
<li>Lunch - RM 54.59 <br/>
              (~RM 9.10 per meal)</li>
<li>Dinner - RM 63.20 <br/>
            (~RM 10.53 per meal)</li>
<li>Average cost per day - RM 19.63 </li>
<li>Etc. Expenses - RM 21.00 </li>
<ul>
<li>(19) SSD - 19.00</li> <!-- WD Blue 1TB costs 319, reimbursed by 300 -->
<li>(19) Parking - 2.00</li> <!-- Pavilion Bukit Jalil -->
</ul>
<li>Rental - RM 350.00 </li>
<li>Utilities - RM 53.81 </li> <!-- elec 57.50, water 10.40, wifi 147.34 -->
<li>Petrol - RM 12.40 </li>
</ul>",2025/February/Homu.png
March 2025,"""A Shut-In Neet""",RM 386.84,"Afterthoughts, Apr 1:<br/>
       Well, I survived the gullotine of education, and was rewarded for my efforts.<br/>
       No outings or anything this month, the outside world does not need me.<br/>
       Though skills wise, I did improve quite a bit thanks to Uni societies.<br/><br/>

       3 more months, before society barges into my life. Not even the cage can save me.
      <ul>
<li>Purely food expenses - RM 0.00 </li>
<li>Average cost per day - RM 0.00 </li>
<li>Etc. Expenses - RM 0.00 </li>
<li>Rental - RM 350.00 </li>
<li>Utilities - RM 36.84 </li> <!-- elec 0, water 0, wifi 147.34 -->
<li>Petrol - RM 0.00 </li>
</ul>",2025/March/Aqua.png
April 2025,The Calm Before the Burn,RM 774.72,"Afterthoughts, Apr 30:<br/>
        New things were done, new people were met, and a face I'd long wanted to see finally appeared.<br/>
        This month was packed, emotionally and physically — hit my PR at steps for one, and emptied myself thanks to a hangout.<br/>
        Choices danced between routine comfort and curiosity-led detours — staying in the comforts of my circle, or venturing out into the unknown.<br/>
        And all this, barely halfway into the trimester.<br/><br/>

        Clubs site, Codenection, academic chaos, internship hunting — everything's converging. Tasks keep stacking, and I’m still expected to triump it all.<br/><br/>
        So be it. Let's see what my limits are.
         
         <br/>
<ul>
<li>Purely food expenses - RM 306.57 </li>
<li>Breakfast - RM 0.00 </li>
<li>Lunch - RM 167.00 <br/>
              (~RM 9.28 per meal)</li>
<li>Dinner - RM 139.57 <br/>
            (~RM 8.72 per meal)</li>
<li>Average cost per day - RM 18.03 </li>
<li>Etc. Expenses - RM 20.84 </li>
<ul>
<li>(6) Dryer - RM 6.00</li>
<li>(14) 🅱️ina 🅱️lub Membership Renewal - 3.00</li>
<li>(26) MRT Daily Pass - 6.00</li>
<li>(26) MRT Parking - 4.50</li>
<li>(28) Bolt - 1.34</li>
</ul>
<li>Rental - RM 350.00 </li>
<li>Utilities - RM 49.31 </li> <!-- elec 42.75, water 7.15, wifi 147.34 -->
<li>Petrol - RM 48.00 </li>
</ul>","2025/April/2025, April, image 36.png"
May 2025,"Life's uncertain, a rat-race of pain","RM 1,467.12","Afterthoughts, May 31:<br/>
        Life's uncertain, a rat-race of pain — the weight just keeps stacking up high.<br/>
        Game Jam wrapped and successful, but Hack Day looms. Club site lingers on top of me still, deadlines multiply, and the internship clock ticks louder with every passing second.<br/>
        Several j*b applications, just a few interviews, and radio silence in the end.<br/>
        Some days I ate alone, some days surrounded — sometimes NPC mode, sometimes present. I'm still figuring out which one I prefer.<br/>
        Everything's moving fast. I missed meetings, went into places I don't belong in, and TCD got cancelled. Small wins — like finally getting my upgrades — felt like minor triumphs, despite the impact it bought to my spendings. This is the highest it's ever been.<br/><br/>

        It's all chaos. But I'm still standing. Somehow. All I got is to keep on praying.
      <ul>
<li>Purely food expenses - RM 206.50 </li> <!-- 1,260.62 !! -->
<li>Breakfast - RM 0.00 </li>
<li>Lunch - RM 110.70 <br/>
              (~RM 9.22 per meal)</li>
<li>Dinner - RM 95.80 <br/>
            (~RM 8.71 per meal)</li>
<li>Average cost per day - RM 17.96 </li>
<li>Etc. Expenses - RM 852.08 </li>
<ul>
<li>(6) Fiio JT1 - 207.08</li>
<li>(14) Plumbing - 40.00</li>
<li>(18) MSI MAG-255XFV - 599.00</li>
<li>(30) LRT Day Pass - 6.00</li>
</ul>
<li>Rental - RM 350.00 </li>
<li>Utilities - RM 58.54 </li> <!-- elec 75.75, water 11.05, wifi 147.34 -->
<li>Petrol - RM 0.00 </li>
</ul>",2025/May/Texas.png
June 2025,Trimester Ends with a Blast,RM 685.55,"Afterthoughts, Jun 30:<br/>
        Projects done, Assignments done, Internship secured, Tests done, with 2 more presentations left.<br/>
        With all that settled, a bit of fun is of necessity. Which I did with the second iteration of CM 2025.<br/><br/>

        Places went, connections made. Memories made, with some worthy images.<br/>
        End of an era, as the trimester break starts, signalising my internship is starting in under a month.<br/><br/>

        One month to revitalise myself with human communication skills, before I let everyone down.<br/><br/>

        Update @ 27/7/2026: Checking bank statements, will be updating Etc. Expenses to be more detailed.
      <ul>
<li>Purely food expenses - RM 240.35 </li>
<li>Breakfast - RM 0.00</li>
<li>Lunch - RM 126.70 <br/>
            (~RM 9.05 per meal)</li>
<li>Dinner - RM 113.65 <br/>
            (~RM 12.63 per meal)</li>
<li>Average cost per day - RM 17.17</li> <!-- why was it 20.90, why did i divide 12 instead of 14. Was 17.17 prior to recalc (28/7/2026). -->
<li>Etc. Expenses - RM 37.00 </li>
<ul>
<li>(6) MRT Day Pass - 6.00</li> <!-- not included is an rm50 topup to card, but if i list it it'd be double listing -->
<li>(19) Plumbing? (in statements, no pics in Whatsapp/discord, logged in JagaApp) - 25.00</li> <!-- check #spam @ 27/7/2026 -->
<li>(29) MRT Day Pass - 6.00</li>
</ul>
<li>Rental - RM 350.00 </li>
<li>Utilities - RM 58.20 </li> <!-- elec 73.75, water 11.70, wifi 147.34 -->
<li>Petrol - RM 0.00 </li>
</ul>",2025/June/Idia.png
July 2025,"Internship arc, begins.",RM 456.93,"Afterthoughts, Jul 31:<br/>
        Well, that break was well deserved to prepare me for this... internship.<br/><br/>

        I'm barely 4 days in. I need to survive 75 more days.<br/>
        Good Lord. The jam, the hustle, the struggle, my missing signature cup...<br/><br/>

        Make this the ""wake up call"" for me to focus hard to get a cushy job.<br/>
        I now understand why people work at lower end jobs despite having higher end qualifications.
      <ul>
<li>Purely food expenses - RM 38.50 </li>
<li>Breakfast - RM 0.00</li>
<li>Lunch - RM 38.50 <br/>
              (~RM 9.62 per meal)</li>
<li>Dinner - RM 0.00</li>
<li>Average cost per day - RM 9.62</li>
<li>Etc. Expenses - RM 18.00 </li>
<ul>
<li>(27) Thean Hou Gong - 2.00</li>
<li>(28) Day Parking - 4.00</li> <!-- threw 5 -->
<li>(29) Day Parking - 4.00</li> <!-- threw 50 -->
<li>(30) Day Parking - 4.00</li>
<li>(31) Day Parking - 4.00</li> <!-- threw 50 to prepare for next month -->
</ul>
<li>Rental - RM 350.00 </li>
<li>Utilities - RM 50.43 </li> <!-- elec 44.83, water 11.05, wifi 147.34 -->
<li>Petrol - RM 0.00 </li>
</ul>",2025/July/Amakusa.png
August 2025,One third survived.,RM 801.24,"Afterthoughts, Aug 31:<br/>
       That was, to say the least, an eye opener to how the real world works.<br/><br/>

       Traffic jams, deadlines, things that do not work, unresponsive help channels, unrelated tasks, unreasonable expectations. <!-- no BR here -->
       Also Saturday work, despite it being half day, it still sucks.<br/>
       Two more months, but after that it is back to the depths of University, with Final Year Project creeping into me.<br/><br/>

       Just end me already.
      <ul>
<li>Purely food expenses - RM 217.54 </li>
<li>Breakfast - RM 2.20<br/>
              (~RM 2.20 per meal)</li>
<li>Lunch - RM 215.34 <br/>
              (~RM 9.79 per meal)</li>
<li>Dinner - RM 0.00 </li>
<li>Average cost per day - RM 9.89</li>
<li>Etc. Expenses - RM 88.60 </li>
<ul>
<li>(1) Monthly Parking - 80.00</li> <!-- im left with 9 in credits -->
<li>(17) 面包 rushiacry - 8.60</li> <!-- but i aint an adult y am i belanjaing D: ;.; -->
</ul>
<li>Rental - RM 300.00 </li> <!-- temporary discount until intern is finished -->
<li>Utilities - RM 47.46 </li> <!-- elec 0, water 0, wifi 147.34(29.46 special discount for intern period), special water 72 -->
<li>Petrol - RM 147.64 </li> <!-- 4(55.10), 13(45.83), 23(46.71) -->
</ul>",2025/August/Amakusa.png
September 2025,One third remains.,RM 760.89,"Afterthoughts, Sep 30:<br/>
        Survived yet another month, with 1 more month remaining. An intern left, another immediately replaces him. Such replaceable are interns.<br/><br/>

        Quite some breaks, which thankfully eased my wallet a litte, though got hit with a slightly hard dent at 14, which kinda NULL-ed what I saved.<br/>
        Some tasks done, with more to be done, and even more to be received. My head bangs through the walls, like Satori with my bottle.<br/><br/>

        Well, here comes the final stretch, the final push that see if all I've done is worth it, or it was for nothing.<br/>
        Good luck, is all I can say.
      <ul>
<li>Purely food expenses - RM 170.10 </li>
<li>Breakfast - RM 0.00</li>
<li>Lunch - RM 170.10 <br/>
              (~RM 9.45 per meal)</li>
<li>Dinner - RM 0.00</li>
<li>Average cost per day - RM 9.45</li>
<li>Etc. Expenses - RM 130.00 </li>
<ul>
<li>(Month long) Daily parking - 72.00</li> <!-- topped up 100 [3] -->
<li>(2) LRT Back &amp; Forth - 4.20</li> <!-- remind me to top this up otherwise id be double counting -->
<li>(6) Massimo Bred (not again) - 3.50</li>
<li>(14) Breakfast for family - 50.30</li> <!-- Astaghfirullah -->
</ul>
<li>Rental - RM 300.00 </li> <!-- temporary discount until intern is finished -->
<li>Utilities - RM 29.47 </li> <!-- elec 0, water 0, wifi 147.34(29.47 special discount for intern period) -->
<li>Petrol - RM 131.32 </li> <!-- 2(46.02), 11(41.71), 24(43.59) -->
</ul>",2025/September/Satori Komeiji.png
October 2025,Freedom.,RM 708.79,"Afterthoughts, Oct 30:<br/>
       You know those last days at work where all you want is to wrap up, hand in your card, and walk out feeling free?<br/>
       Yeah… mine didn't go like that. Instead, it turned into a two-day sequel called ""Unpaid Overtime &amp; Unnecessary Stress: The Intern's Edition.""<br/><br/>

       Hell on Earth I would say. Ain't no sane person would step foot in there ever again.<br/>
       1 mountain dumb got 1 mountain dumber and more retarded.<br/>
       Had to give them a taste of their own medicine in order for them to let me go by being a ""bad boy"".<br/><br/>

       Glad that's over, back to being a student and start the Final Year Project, along with other subjects to balance.
      <ul>
<li>Purely food expenses - RM 174.35 </li>
<li>Breakfast - RM RM 0.00</li>
<li>Lunch - RM 174.35 <br/>
              (~RM 9.69 per meal)</li>
<li>Dinner - RM 0.00</li>
<li>Average cost per day - RM 9.69</li>
<li>Etc. Expenses - RM 124.10 </li>
<ul>
<li>(Month long) Daily parking - 64.00</li> <!-- topped up 20 [13] 10 [17] 5 [24], days -2 -->
<li>(6) Grab - 6.00</li>
<li>(6) LRT - 2.10</li>
<li>(7) Monthly pass - 50.00</li>
<li>(20) Thean Hou Gong - 2.00</li> <!-- gotten #25 when wishing for FYP status -->
</ul>
<li>Rental - RM 300.00 </li> <!-- temporary discount until intern is finished -->
<li>Utilities - RM 29.47 </li> <!-- elec 0, water 0, wifi 147.34(29.47 special discount for intern period) -->
<li>Petrol - RM 80.87 </li> <!-- 3(41.45), 21(39.42) -->
</ul>",2025/October/Freedom.png
November 2025,"Hard mode, 启动!",RM 764.46,"Afterthoughts, Dec 1: <br/>
       To say the least, it was fine. For now, that is.<br/><br/>
         
       From the frying pan of the internship into the fire of the new trimester.<br/>
       How I so much miss the ""freedom"" of student life (that comes with overall higher spendings in return).<br/><br/>

       Landlord didn't come in the end, but did gave funds for a new wardrobe (the old one is still growing its empire).<br/>
       Codenection was to say the least, I didn't do too much in the grand scheme of things, and an infinite glitch of Nasi Lemak.<br/>
       Free food is the best food, even if it's the same (cold?) meal three times in a row.<br/><br/>
       
       Culinary wise, it was mostly consistent, with new foods from time to time.<br/>
       The Prosperity Burger has returned, a greasy reminder that the year is ending.<br/><br/>
       
       FYP looms, randoms in my group assignments, the fungal infection in my room may have stopped for now, but it will always return.<br/>
       One month left to salvage 2025. Let's prepare for 2026.
      <ul>
<li>Purely food expenses - RM 299.11 </li>
<li>Breakfast - RM 0.00</li>
<li>Lunch - RM 139.20 <br/>
              (~RM 8.70 per meal)</li>
<li>Dinner - RM 159.91 <br/>
            (~RM 8.88 per meal)</li>
<li>Average cost per day - RM 16.62</li>
<li>Etc. Expenses - RM 8.10 </li>
<ul>
<li>(2) Dryer - 6.00</li>
<li>(16) Toll - 2.10</li>
</ul>
<li>Rental - RM 350.00 </li>
<li>Utilities - RM 54.24 </li> <!-- elec 59.20, water 10.40, wifi 147.34 -->
<li>Petrol - RM 53.01 </li>
</ul>",2025/November/Codenection.png
December 2025,"The Penultimate Year, ends.",RM 712.80,"Afterthoughts, Jan 1:<br/>
        December didn't arrive to be kind — it arrived to be endured, a closing chapter (for the year) that refused to slow down.<br/><br/>

        Meals became markers of time rather than rest: eaten between deadlines, long walks, and late nights of code.<br/>
        Some were comforting, most were functional — fuel to keep moving when stopping wasn't an option.<br/>
        Inflation crept in quietly; stalls slipped in quality, portions fluctuated, and even food felt like it demanded negotiation.<br/><br/>

        FYP pressure never truly left, even during supposed breaks.<br/>
        Across all subjects, new requirements kept stacking, leaving little room to breathe.<br/>
        Random groupmates performed decent enough to keep panic at bay — a small mercy in my opinion, thanks past me for choosing the right ones.<br/>
        Outside of work, things with my mates felt a little turbulent lately — subtle shifts in tone, distance I couldn't fully place.<br/>
        Still, I managed to meet some people during the picture day, despite the blazing weather and 19,619 steps. It was nice.<br/>
        Retired at the IT Society also, but still part of the GDC. Pressure builds as the chance to be director for some events presents itself to me.<br/><br/>

        Yet, despite all the strain — nothing collapsed. At least, not me... yet.<br/><br/>

        This month wasn't about enjoyment or balance — it was about not falling apart while everything pressed in at once.<br/>
        2025 ends not with relief, but with momentum. Momentum to keep going.<br/>
        I'm tired — uncertain about what lies ahead — but still standing.<br/>
        And that, somehow, is enough. For future me.
      <ul>
<li>Purely food expenses - RM 226.00 </li>
<li>Breakfast - RM 0.00</li>
<li>Lunch - RM 113.40 <br/>
              (~RM 9.45 per meal)</li>
<li>Dinner - RM 112.60 <br/>
            (~RM 8.04 per meal)</li>
<li>Average cost per day - RM 14.12</li>
<li>Etc. Expenses - RM 17.50 </li>
<ul>
<li>(9) Therapeutic Xenon - 10.00</li>
<li>(21) Bus - 1.00</li>
<li>(21) MRT Day Pass - 6.00</li> <!-- if i knew id get lost i wouldnt buy day pass -->
<li>(23) Parking - 0.50</li>
</ul>
<li>Rental - RM 350.00 </li>
<li>Utilities - RM 58.65 </li> <!-- elec 73.33, water 13.00, wifi 147.34 -->
<li>Petrol - RM 60.65 </li> <!-- (23) -->
</ul>",2025/December/Houshou Marine.png
January 2026,Cookie Off the Mould — Survive Near the Batch,RM 712.63,"Afterthoughts, Jan 31:<br/>
        January didn’t escalate — it pressed.<br/>
        Same demands, same places, same stalls, repeated until they felt normal, like a routine.<br/><br/>

        Days were dictated by schedules and hunger windows.<br/>
        Meals became checkpoints: what was open, what was fast enough, what wouldn’t cost too much — financially or mentally.<br/>
        I circled familiar options, occasionally detouring, usually returning to what worked. Not out of love, but reliability and consistency.<br/><br/>

        FYP stayed in the background like a low hum — never silent, never urgent enough to ignore, always present.<br/>
        Tests came and went. Some went fine. Some crushed hope and will. I showed up, did what was required (to the best of my power), then moved on without ceremony.<br/>
        Projects… manageable at best; juggling them all was a bit of a pain.<br/>
        Bonus feats this month: had my first 1-on-1 lab session with the lecturer — everyone else didn’t show thanks to the barring list being finalised. A quiet, unusual milestone, a little scary and intimidating, but memorable. Please, never again.<br/>
        Also completed my first Carousell deal — a small milestone, yet a reminder that progress comes in tiny, unexpected packages.<br/><br/>


        Socially, I hovered — close enough to be around, distant enough to stay alone when it made sense.<br/>
        Not isolation, just efficiency. Even comfort has a cost when time is tight. (Gym gets a nod though.)<br/><br/>

        A cookie not quite made for the mould — a bit odd, raw around the edges.<br/>
        Yet I stayed near the batch, hoping to dunk alongside the others without losing myself. I didn’t fit perfectly, but I held my shape.<br/>
        Being forced into the cutter (and helping others) could prove valuable, but would I lose myself in the process?<br/><br/>

        January wasn’t about momentum or renewal.<br/>
        It was about continuity — proving I can hold a line without burning out or giving in.<br/><br/>

        Still here. Still functioning.<br/>
        February can come, and end this trimester.
      <ul>
<li>Purely food expenses - RM 228.90 </li>
<li>Breakfast - RM 0.00</li>
<li>Lunch - RM 100.90 <br/>
              (~RM 7.76 per meal)</li>
<li>Dinner - RM 128.00 <br/>
            (~RM 7.53 per meal)</li>
<li>Average cost per day - RM 13.46</li>
<li>Etc. Expenses - RM 0.00 </li>
<li>Rental - RM 350.00 </li>
<li>Utilities - RM 80.85 </li> <!-- elec 75.00, water 11.05, wifi 147.34, indah water 90.00 -->
<li>Petrol - RM 52.88 </li>
</ul>",2026/January/Emptiness.png
February 2026,"Here, but not there.",RM 704.47,"February did not test me. It hunted me.<br/>
          Three projects, three presentations, one test, one interim FYP — every week another blade, every submission another countdown.<br/><br/>

          Sleep became negotiation, food became fuel, and time moved faster the harder I tried to control it.<br/>
          I told myself it was manageable. I lied. Relation issues? Fracture over fracture.<br/>
          Created my own timetable, hoping to be self-reliant enough with the skills I’ve gained.<br/><br/>

          The killing urge did not scream — it simmered.<br/>
          A low constant buzz beneath the skin, the temptation to snap, to disappear, to drop everything and let it burn.<br/>
          But I didn’t. I glued myself together and forced one final push.<br/><br/>

          Midway through the month, collateral damage surfaced.<br/>
          The HDD fell — RM224.40 paid in tribute so my data survives, because if I lose that, I lose proof I was ever here.<br/>
          Togawa did not come in 10 pulls unlike Decadenza (but I did get Ascalon). 115th. Pity is a cruel mechanic.<br/>
          A small anomaly on the 26th — Global #9, a goated score on Niwashi King. A reminder that I still function somewhere beyond deadlines.<br/><br/>

          I walked into each presentation not confident, not fearless — just operational.<br/>
          And somehow, nothing collapsed. Not spectacular, not glorious. Just intact.<br/><br/>

          Then the final stretch passed, and the trimester closed.<br/>
          Trimester break. Silence — but not freedom.<br/>
          FYP1 still lingers in the background; moderator silent as ever, supervisor thankfully responsive.<br/><br/>

          March is quieter. Not peaceful — just less violent.<br/>
          For now, I recover. I recalibrate. I hold the line.<br/>
          Next comes the final CGPA-counted trimester — no more margins, no more warm-ups.
        <ul>
<li>Purely food expenses - RM 78.25 </li>
<li>Breakfast - RM 0.00</li>
<li>Lunch - RM 36.15 <br/>
                (~RM 9.04 per meal)</li>
<li>Dinner - RM 42.10 <br/>
              (~RM 8.42 per meal)</li>
<li>Average cost per day - RM 13.04</li>
<li>Etc. Expenses - RM 224.40 </li>
<ul>
<li>(11) HDD - 224.40</li>
</ul>
<li>Rental - RM 350.00 </li>
<li>Utilities - RM 51.82 </li> <!-- elec 46.64, water 12.35, wifi 147.34 -->
<li>Petrol - RM 0.00 </li>
</ul>",2026/February/Hirasawa.png
March 2026,Multi faced? DID? Hypocrite?,RM 457.30,"Well, this ends the trimester break, and into the final CGPA'ed trimester (supposedly).<br/>
        Nothing much happened, apart from more things breaking.<br/>
        My GPU finally died, so I upgraded my PSU and case alongside it. No more excuses, no more limits.<br/><br/>

        Finished up both MyGo and Ave Mujica. Understood the lore, the collab, the art.<br/>
        At least 500 images were made. Protect the cucumber.<br/><br/>

        Exclusion zone grew. Timetables made without me, moves without me.<br/>
        Even if someone tried to “hold the cracks together,” it’s only glue — temporary, fragile.<br/>
        I realized the fractures aren’t going anywhere. Timing, presence, inconsistency — not wrong, just enough to push me out.<br/>
        So this is it. Not part of it anymore. Different schedules, different pace. Alone, but free — and that freedom costs.<br/><br/>

        Back to the trimester. Speedrunning to 8 trimesters? Hurdle after hurdle. Emails. Meets. Yes. No. Ping pong.<br/>
        Just give me a no already, and I’ll off myself with a thanks. Don’t drag me. Graduating on time — inevitable.<br/><br/>

        18 credit hours. Lock in. Push. Survive without them.<br/>
        Trimester 2610, Final Year Project, whatever you want to call it… Give your all. Fast. No shortcuts.
      <ul>
<li>Purely food expenses - RM 36.50 </li>
<li>Breakfast - RM 0.00</li>
<li>Lunch - RM 20.00 <br/>
              (~RM 10.00 per meal)</li>
<li>Dinner - RM 16.50 <br/>
            (~RM 8.25 per meal)</li>
<li>Average cost per day - RM 18.25</li>
<li>Etc. Expenses - RM 2,029.33 </li>
<ul>
<li>(9) Usb B Cable - 7.80</li>
<li>(19) Parking - 0.53</li>
<li>(19) TipTop IT GPU Diagnosis - 20.00</li>
<li>(20) Lowyat - 2,000.00</li>
<li>(20) Parking Donation - 1.00</li>
</ul>
<li>Rental - RM 350.00 </li>
<li>Utilities - RM 41.47 </li> <!-- elec 12.05, water 6.50, wifi 147.34 -->
<li>Petrol - RM 0.00 </li>
</ul>",2026/March/Mutsumi2.png
April 2026,The Point of No Return,RM 673.11,"The ""supposedly"" has been stripped away, as this is the literal final trimester. No more safety nets, no more ""next time."" (if all goes well, that is.)<br/><br/>

        The RNG teammates have been rolled, and the results are... well, they're characters.<br/>
        Some fresh faces, while others are familiar. But the common theme is that they are all... interesting. I guess that's what makes it fun, right? (I hope so.)<br/><br/>
        
        Juggling 20 credit hours while FYP looms like a final boss in its second phase.<br/>
        I’ve gone from ""holding the line"" to being the line itself. 

        Faced some of that ""wrath"" I anticipated at the start of the month.<br/>
        It turns out, when you stop trying to glue the fractures of other people's expectations and just focus on your own survival, people get loud.<br/>
        Let them. My exclusion zone is now a fortress. Keep the noise out, and the focus in, just like how Kaname Raana does it.<br/>
        Wake up, do my own things, not disturb others (hopefully), go off.<br/><br/>

        Physically, I'm just a vessel for food and code. Socially, I’m a ghost in the machine — more Mutsumi Wakaba than anything — quiet, detached, and not really part of the scene.<br/>
        But academically? I’m speedrunning towards that July finish line because I can already hear society knocking on the door, and I’d rather open it on my own terms.<br/><br/>

        Everything is converging. The tasks are stacking. The pressure is peak.<br/>
        3 assignments due in May, many Tests &amp; Projects in June, and FYP2 presentation in July. It’s like I’m on a rollercoaster that’s just about to drop, and there’s no way to get off.<br/>
        But if I don't break now, I never will.<br/>
        May the force be with me.
      <ul>
<li>Purely food expenses - RM 220.95 </li>
<li>Breakfast - RM 0.00</li>
<li>Lunch - RM 128.40 <br/>
              (~RM 8.56 per meal)</li>
<li>Dinner - RM 92.55 <br/>
            (~RM 7.71 per meal)</li>
<li>Average cost per day - RM 13.81</li>
<li>Etc. Expenses - RM 0.00 </li>
<li>Rental - RM 350.00 </li>
<li>Utilities - RM 50.43 </li> <!-- elec 47.85, water 6.50, wifi 147.34 -->
<li>Petrol - RM 51.73 </li> <!-- 10, 25.996l, 66484km -->
</ul>",2026/April/Raana.png
May 2026,"Hurt, but Intact.","RM 1,149.66","May felt like living inside a backlog that never stopped growing.<br/><br/>

        Assignments stacked onto quizzes, labs onto presentations, and somewhere between all of it, FYP2 continued lurking in the background asking whether I had truly done enough.<br/>
        Plagiarism checkers seemed fine, AI ones aren't too... bad/good. Some trimming here, some rephrasing there, and a bit of improvements so it feels more academic.<br/>
        Groupmates, some are good, some are... not. Communication is good with some, but with others, it's like pulling teeth to get them to reply, and when they do, it might as well not have been a valid reply.<br/><br/>
        The trimester is entering its final phase now. No more warmups. No more room to drift.<br/>
        The big weightage and stress bois are arriving. Soon, the end of continuous assessments, start of final assessments.<br/>

        Ironically, the month’s most stressful event wasn’t even academic.<br/>
        The Ryzen 5 5600 saga somehow perfectly summarized May itself:<br/>
        Stuck in customs limbo, endless back-and-forth with sellers and support, expecting the money and package to disappear into the void...<br/>
        Only for it to suddenly arrive anyway, soaked by rain like it had barely survived the journey. Hurt, but intact.<br/><br/>

        Honestly, relatable. Akin to my current situation, no matter what happens, eventually it will arrive as long as one keeps pushing forward.<br/><br/>

        That’s what this month feels like: barely making it through systems that don’t care whether you break or not.<br/>
        And yet, somehow, things still move forward.<br/><br/>

        A mini update for the month as well: managed to finally let Homuhomu go as a sale. At long last after 740 days.<br/> 
        Got back around RM80 out of the RM180 paid for it. No more hiding it, but personally — it hurts a bit.<br/> 
        Though, selling it off to someone who'd actually use or appreciate it feels better than just letting it rot or thrown away somewhere.<br/><br/>

        June approaches fast now, with July proceeding immediately after.<br/>
        3 Tests. 5 Projects. 6 (or 7) Presentations. And top it all off with FYP2. Physically standing there for 3 hours, with an A1 poster, without a script.<br/>
        The final obstacle course before the finish line. And eventually... an actual job.<br/><br/>

        I don’t know if I’m prepared, be it physically, mentally, emotionally, or financially.<br/>
        But at this point, momentum alone might be enough to carry me through, as long as I play it right.<br/>
        No matter if I'm prepared or not, eventually, I will have to face all of this and arrive at the finish line.
      <ul>
<li>Purely food expenses - RM 130.65 </li>
<li>Breakfast - RM 0.00 </li>
<li>Lunch - RM 77.50 <br/>
              (~RM 7.75 per meal)</li>
<li>Dinner - RM 53.15 <br/>
            (~RM 6.64 per meal)</li>
<li>Average cost per day - RM 11.88</li>
<li>Etc. Expenses - RM 617.12 </li>
<ul>
<li>(3) Breakfast for family - RM 48.40</li>
<li>(3) Ryzen 5 5600 - RM 536.22</li>
<li>(8) Plumber fixes leaky pipe - RM 32.50</li> <!-- 130 -->
</ul>
<li>Rental - RM 350.00 </li>
<li>Utilities - RM 51.89 </li> <!-- elec 74.75, water 12.35, wifi 147.34 -->
<li>Petrol - RM 0.00 </li>
</ul>",2026/May/Ryzen.png
June 2026,It's all ending.,RM 751.13,"June didn’t end in resolution — it ended in motion.<br/>
        Everything stayed stacked: quizzes, tests, projects, presentations, FYP2 breathing down the back of my neck.<br/>
        But unlike earlier months, it felt less like being crushed and more like being carried forward by inertia.<br/>
        Not peace, but momentum, as if everything only resolves once I push through.<br/><br/>

        The first week had a boss rush of 2 tests + 1 presentation assignment. Then a slightly chiller stretch of mostly proposal submissions...<br/>
        ...Followed by a week with just 1 Test. Which was just breathing space for the next boss rush of 2 presentations back to back + 1 quiz. In a single day.<br/>
        At times things were hectic, other times so peaceful, that I forgot I had things to submit.<br/><br/>

        Meals stayed the same — familiar stalls, familiar prices, familiar seats. For the most part that is.<br/>
        The consistency became less of a routine and more of an anchor.<br/>
        Between deadlines and interviews, food was the only thing that still followed predictable rules.<br/>
        Some were nice data entries, but there were occasional ones that made me second guess and question reality.<br/><br/>

        Speaking of interviews, some were chill, some were grilled, some were negotiated into later slots, and the rests... ghosts.<br/>
        Nothing that gave me an offer, but interviews kept coming, and the pipeline keeps moving.<br/>
        ""Please, please. It's too much winning. We can't take it anymore."" Well, an interview is still an interview, so I take it.<br/><br/>

        Some days were controlled. Some days were improvised. Most days were just “get through it and move on.”<br/>
        Pre-planned meals? Mostly. Occasional bad ideas, but ah well. Life do be like this.<br/><br/>

        The interviews didn’t fix anything, but they marked something — a reminder that the end of this phase is no longer abstract.<br/>
        It is scheduled. It is approaching. Employment. Job. Taxes. Responsibility. Words that strike fear even to the strongest warriors.<br/>
        Words that somehow carry more weight than the deadlines themselves.<br/>
        Presoft arc all over again, just with a way longer timeline of no end.<br/><br/>

        Do I feel ready for July? To be frank, not really. It'd come no matter whether I consent to it or not.<br/>
        But one things for certain: Do the best I can, and slay this chapter. Once and for all.
      <ul>
<li>Purely food expenses - RM 211.60 </li>
<li>Breakfast - RM 0.00</li>
<li>Lunch - RM 101.50 <br/>
              (~RM 8.46 per meal)</li>
<li>Dinner - RM 110.10 <br/>
              (~RM 8.47 per meal)</li>
<li>Average cost per day - RM 16.28</li>
<li>Etc. Expenses - RM 126.82 </li>
<ul>
<li>(18) Sakiko - RM 111.82</li>
<li>(22) C13 power cord - RM 15.00</li>
</ul>
<li>Rental - RM 350.00 </li> <!-- technically 400 cuz using deposit -->
<li>Utilities - RM 62.71 </li> <!-- elec 64.25, water 12.35, wifi 147.34 -->
<li>Petrol - RM 0.00 </li>
</ul>",2026/June/Akemi.png
July 2026,Mission Complete?,RM 644.97,"July wasn't the hardest month.<br/>
      It was simply the last... I hope.<br/><br/>

      The first week disappeared into FYP2 presentation preparations, poster printing (twice), last-minute fixes, and wondering whether months of work would hold together for those few minutes in front of the panel.<br/>
      Then... it was over.<br/>
      (I say this as I played Arknights in front of both of them, though they did came 1 by 1. Quite OK really.)<br/>
      For general projects, apart from needing to babysit some people, and a late submission... meh.<br/><br/>

      No more rushing between lectures and labs or tutorials.<br/>
      No more wondering what next week's assignment would be.<br/>
      No more checking whether another unsubmitted quiz had silently appeared, or if groupmates are missing progress or communication.<br/>
      For the first time in years, my timetable became empty.<br/><br/>

      The interviews kept coming, be it single round, multi round, online, or physical.<br/>
      Each one a reminder that one chapter was closing while another was already waiting.<br/>
      The uncertainty never disappeared—it merely changed form.<br/>
      Silences and rejections? They'd became the norm now, as I'm tasked with a case study I semi signed up for.
      Instead of worrying about grades, I now worry about offers, careers, and whether everything I've built will be enough.<br/><br/>

      This month quietly closed many things.<br/>
      The moldy wardrobe that had followed me 2 years through university was finally gone.<br/>
      Lakefront became another place in memory rather than somewhere I needed to return to weekly.<br/>
      Housemates? From physical people into online people I may never see again, but maybe graduation time we'd meet again.<br/>
      One by one, routines that had felt permanent simply... ended.<br/><br/>

      I don't know my results yet. (At least until the 13th, tentatively)<br/>
      I don't know whether I'll officially graduate on time.<br/>
      I don't know where I'll be working in a few months (or if I'll be at all).<br/><br/>

      But I do know this.<br/><br/>

      I made it to the end.<br/><br/>

      Four years ago, university was an unknown world.<br/>
      Now, every cafeteria, shortcut, classroom, and parking lot has become a memory attached to a meal, a deadline, or a conversation.<br/><br/>

      Whether I passed or failed, whether life immediately improves or throws another obstacle...<br/>
      This chapter is complete.<br/><br/>

      The next meal I log won't be as a university student.<br/>
      It'll be as someone stepping into whatever comes next.
      <ul>
<li>Purely food expenses - RM 85.50 </li>
<li>Breakfast - RM 0.00</li>
<li>Lunch - RM 48.50 <br/>
              (~RM 9.70 per meal)</li>
<li>Dinner - RM 37.00 <br/>
            (~RM 9.25 per meal)</li>
<li>Average cost per day - RM 14.25</li>
<li>Etc. Expenses - RM 190.96 </li>
<ul>
<li>(1) A1 Poster - 18.00</li>
<li>(5) A1 Poster but Matte - 27.00</li>
<li>(6) Wi-Fi termination fees - 71.59</li>
<li>(7) Toilet lightbulb - 13.00</li>
<li>(9) Cleaning Fees - 50.00</li>
<li>(14) Parking - 4.24</li>
<li>(14) LRT - 6.60</li> <!-- 3.30 x2, BK5 to Jamek -->
<li>(23) Unwilling Parking - 0.53</li>
</ul>
<li>Rental - RM 350.00 </li> <!-- technically 400 cuz using deposit -->
<li>Utilities - RM 18.51 </li> <!-- elec 59.00, water 14.60, wifi 0 -->
<li>Petrol - RM 0.00 </li>
</ul>",2026/July/FYP.png
August 2026,"So, It's All Over, Huh?",RM 25.83,"Afterthoughts, Aug 29:<br/><br/>

        And so, the waiting game began.<br/><br/>

        The Valiram experience had already given me a pretty good taste of what the working world could look like, but apparently that wasn't enough suffering for one lifetime.
        Had some free food, met some nice people, and somehow walked away with a Bath &amp; Body Works perfume from Valiram Day.<br/><br/>

        So at least I got something out of it.<br/><br/>

        Then came the interviews.<br/>
        More interviews.<br/>
        Technical interviews.<br/>
        Case studies.<br/>
        Live coding.<br/>
        Waiting (while applying for more).<br/>
        Ghosted.<br/>
        More waiting (while applying for more, and lowering standards).<br/>
        Rejected.<br/><br/>

        Some went well.<br/>
        Some went... well, they happened.<br/><br/>

        Admittedly, the FB post I made was doing most of the hard carry, but even then, most of these were already stuffed into June and July, while I was still juggling the final stretch of university and all the general academic shit that came with it.<br/><br/>

        My usual bois grouping had also been forcibly dismantled, so I had to roll for new groupmates.<br/>
        They weren't necessarily bad, but going from ""here's your task, I'll do mine"" to actually having to coordinate everyone was certainly an adjustment.<br/><br/>

        And with different people came a different kind of uncertainty.<br/><br/>

        Would they actually do their part?<br/>
        Would I have to babysit them?<br/>
        Would their performance end up dragging my results down?<br/><br/>

        My usual group was basically a guaranteed 3.50+ CGPA lobby.<br/>
        Now I had to put my faith in a completely different set of people, while having considerably less control over how they performed.<br/>
        And that was... concerning.<br/><br/>

        Then, around mid-July, I finally reached the point where there was nothing left I could do about it.<br/>
        I could only wait for the results.<br/><br/>

        And then the Sakiko plush finally arrived (the one featured as cover icon of the month).<br/><br/>

        5 August.<br/><br/>

        The plush I mentioned back in June.<br/>
        The one that I could've brought to my FYP presentation like the other kids.<br/>
        The one that arrived after the FYP presentation.<br/><br/>

        Of course.<br/><br/>

        Some people got to bring their plushies to their FYP presentations, such is the life of Gen Z.<br/>
        Mine decided to wait until the entire thing was already over.<br/><br/>

        Excellent timing.<br/>
        Absolutely immaculate, cinema, even.<br/><br/>

        At least Sakiko made it home.<br/><br/>

        And then the confirmation came.<br/><br/>

        I passed.<br/><br/>

        Not only did I pass, I somehow managed to hit the goal I had been chasing for years.<br/><br/>
<b>3.50 CGPA.</b><br/><br/>

        A number that had spent half my university life sitting just out of reach.<br/><br/>

        3.15.<br/>
        3.23.<br/>
        3.35 (I've hit my first ever 4 flat here).<br/>
        3.49 (just a bit more).<br/>
        3.49 (ok maybe if i worked a bit harder).<br/>
        3.48 (ouch).<br/><br/>

        And then somehow, finally:<br/><br/>
<b>3.50.</b><br/><br/>

        During my internship applications, I had gotten so used to selecting ""3.00 - 3.49"" whenever an application asked for my CGPA that seeing ""3.50+"" sitting there felt almost unreal.<br/>
        Not a 4.00.<br/>
        Not first class (in MMU it's 3.67).<br/>
        But I didn't care.<br/><br/>
<b>I fucking made it.</b><br/><br/>

        University was officially done.<br/><br/>

        Well.<br/>
        Almost.<br/><br/>

        There was still the job problem.<br/><br/>

        The interviews continued.<br/>
        The case studies continued.<br/>
        The applications continued.<br/><br/>

        Then came the physical interview.<br/>
        A proper, face-to-face interview.<br/>
        Apparently this was the part where they wanted to determine whether I was actually a human being they could tolerate working with.<br/>
        Cultural fit, they called it.<br/>
        Surely nothing could go wrong.<br/>
        They even offered me a drink on the house.<br/>
        And then...<br/><br/>

        I waited.<br/>
        And waited.<br/><br/>

        And somehow there were still more interviews.<br/>
        At this point I had accepted that the job hunt was simply my new trimester.<br/>
        Except this trimester didn't have a timetable, as it was up to the interviewers, whether they read my resume, and whether they thought I was worth interviewing over the hundreds of other potential candidates.<br/><br/>

        Some have 4.00 CGPAs.<br/>
        Okay. Fair enough. They worked harder than I did.<br/><br/>

        Some have 4.00 CGPAs and several hackathon wins.<br/>
        Meanwhile I was spending half my weekends travelling home because apparently university has a hidden “maintain your living situation” side quest.<br/><br/>

        Some have all that, plus multiple internships at big MNCs. The big bois everyone knows.<br/>
        Citi (""Ah, the bank"").<br/>
        L'Oréal (""Ah, the cosmetics company"").<br/>
        PwC (""Ah, the accounting company"").<br/><br/>

        ...Um.<br/>
        Why are you applying here? I thought this was supposed to be the part where I had a chance.<br/><br/>

        And then there are the ones who have all of that, plus founded companies (&amp; gotten funding), led teams, won awards, and apparently decided that graduating wasn't enough of a side quest.<br/>
        At that point, I give up. I'm not even competing anymore.<br/>
        I'm just observing.<br/>
        Let me learn from you.<br/><br/>

        Mom help me I'm scared.<br/>
        Can I restart university and stay there forever?<br/>
        I think this guy is secretly three people under one IC.<br/><br/>

        Still, I kept going.<br/><br/>

        Then one day, the message came.<br/>
        ""Congratulations, you're hired, here's the offer letter.""<br/><br/>

        ...<br/>
        Oh.<br/>
        ""Sign here, please. We will onboard you on 2nd September.""<br/><br/>
<i>cue Dr. Facilier getting dragged away</i><br/><br/>

        And just like that...<br/><br/>

        I'm employed. Me. Employed.<br/>
        The guy who practically lived in Discord since 2017.<br/>
        Farming pp since 2018.<br/>
        Closersmaxxing since 2019.<br/>
        The guy who only started properly learning how to code after picking up the basics through AHK in 2021, just to Closersmaxx more effectively.<br/>
        The guy who chose a Computer Science degree because it allegedly pays well + gets him access to a gaming laptop.<br/>
<b>The Lord Junn, employed?</b><br/>
        What happened?<br/><br/>

        Somehow, all of that led here.<br/><br/>

        I have a job.<br/><br/>

        A proper, full-time, permanent job.<br/>
        Signed.<br/>
        Done.<br/><br/>

        No more ""hopefully.""<br/>
        No more ""maybe.""<br/>
        No more wondering where I'll end up after graduation.<br/>
        I know.<br/><br/>

        The degree is done.<br/>
        The CGPA is done.<br/>
        The FYP is done.<br/>
        The internship is done.<br/>
        The job hunt is done.<br/><br/>

        So, I suppose this is where Food-MMU ends.<br/><br/>

        Not because I've stopped eating.<br/>
        Not because the adventures are over.<br/>
        But because the chapter this site was born from has finally closed.<br/><br/>

        Four years ago, this was just a place to keep track of food, and my thoughts on them.<br/>
        Now it's a record of four years of my life. The highs, the lows, the rants, the updates, the memories.<br/><br/>

        And honestly?<br/><br/>

        That's pretty fucking cool.<br/><br/>

        I don't think I ever expected a food log to become this.<br/>
        A timeline of where I was, what I was doing, what I was worried about, and who I was at the time.<br/><br/>

        Some months were good.<br/>
        Some were shit.<br/>
        Some were expensive.<br/>
        Some were lonely.<br/>
        Some were chaotic.<br/>
        Some somehow managed to be all of the above.<br/><br/>

        But they're all here.<br/><br/>

        49 months later, I can actually look back and see the entire thing.<br/><br/>

        From the first RM183.30 in August 2022...<br/>
        to the final RM25.83 in August 2026.<br/><br/>

        From worrying about food expenses...<br/>
        to worrying about assignments.<br/>
        Then internships.<br/>
        Then FYP.<br/>
        Then graduation.<br/>
        Then jobs.<br/><br/>

        And now?<br/><br/>

        I'm employed.<br/><br/>

        What the fuck.<br/><br/>

        So...<br/>
        It's all over, huh?<br/><br/>

        Thanks for reading.<br/><br/>
<a href=""https://lordjunn.github.io/Dine-With-Junn/index.html"">See you on the other side.</a>
<ul>
<li>Purely food expenses - RM 12.99 </li>
<li>Breakfast - RM 3.00<br/>
              (~RM 3.00 per meal)</li>
<li>Lunch - RM 9.99 <br/>
              (~RM 9.99 per meal)</li>
<li>Dinner - RM  0.00</li>
<li>Average cost per day - RM 6.50</li>
<li>Etc. Expenses - RM 12.84 </li>
<ul>
<li>(16) Thean Hou Gong Donation (for joss stick + number RNG) - 1.00</li>
<li>(19) Parking - 4.24</li>
<li>(19) LRT + MRT - 7.60</li> <!-- 3.80 1 way, BK5 <-> Sungai Besi <-> TRX -->
</ul>
<li>Petrol - RM 0.00 </li>
</ul>",2026/August/Mutsumi.png
